{"cameraMode":{"drawMode":0,"name":"Shaded","section":"Shading Mode"},"sceneLighting":true,"audioPlay":false,"sceneViewState":{"m_AlwaysRefresh":false,"showFog":true,"showSkybox":true,"showFlares":true,"showImageEffects":true,"showParticleSystems":true,"showVisualEffectGraphs":true,"m_FxEnabled":true},"in2DMode":false,"pivot":{"x":3.7760133743286135,"y":-1.5051512718200684,"z":-6.391351222991943},"rotation":{"x":0.04645620286464691,"y":-0.6214542388916016,"z":0.03695697709918022,"w":0.7811976671218872},"size":1.2470804452896119,"orthographic":true}